{
  "0": {
    "train_acc": 1.0,
    "test_acc": 0.75,
    "cv_mean": 0.85,
    "cv_std": 0.2,
    "weight_norm": 0.4953474336158736
  },
  "1": {
    "train_acc": 1.0,
    "test_acc": 1.0,
    "cv_mean": 0.9,
    "cv_std": 0.1224744871391589,
    "weight_norm": 0.4182526518895947
  },
  "2": {
    "train_acc": 1.0,
    "test_acc": 1.0,
    "cv_mean": 0.95,
    "cv_std": 0.09999999999999999,
    "weight_norm": 0.4247904012097361
  },
  "3": {
    "train_acc": 1.0,
    "test_acc": 0.75,
    "cv_mean": 0.8833333333333332,
    "cv_std": 0.1452966314513558,
    "weight_norm": 0.42469636767646357
  },
  "4": {
    "train_acc": 1.0,
    "test_acc": 0.75,
    "cv_mean": 0.8333333333333333,
    "cv_std": 0.13944333775567927,
    "weight_norm": 0.45340585986435594
  },
  "5": {
    "train_acc": 1.0,
    "test_acc": 0.75,
    "cv_mean": 0.8833333333333332,
    "cv_std": 0.1452966314513558,
    "weight_norm": 0.46541052305463904
  },
  "6": {
    "train_acc": 1.0,
    "test_acc": 0.75,
    "cv_mean": 0.8333333333333333,
    "cv_std": 0.13944333775567927,
    "weight_norm": 0.486738820228193
  },
  "7": {
    "train_acc": 1.0,
    "test_acc": 0.75,
    "cv_mean": 0.8333333333333333,
    "cv_std": 0.13944333775567927,
    "weight_norm": 0.4850417090546956
  },
  "8": {
    "train_acc": 1.0,
    "test_acc": 0.75,
    "cv_mean": 0.8333333333333333,
    "cv_std": 0.13944333775567927,
    "weight_norm": 0.46755273410250137
  },
  "9": {
    "train_acc": 1.0,
    "test_acc": 0.75,
    "cv_mean": 0.8833333333333332,
    "cv_std": 0.1452966314513558,
    "weight_norm": 0.4561420413620309
  },
  "10": {
    "train_acc": 1.0,
    "test_acc": 0.75,
    "cv_mean": 0.8833333333333332,
    "cv_std": 0.1452966314513558,
    "weight_norm": 0.44028277467033416
  },
  "11": {
    "train_acc": 1.0,
    "test_acc": 0.75,
    "cv_mean": 0.8833333333333332,
    "cv_std": 0.1452966314513558,
    "weight_norm": 0.4308581983512008
  },
  "12": {
    "train_acc": 1.0,
    "test_acc": 1.0,
    "cv_mean": 0.95,
    "cv_std": 0.09999999999999999,
    "weight_norm": 0.43696457338216615
  },
  "13": {
    "train_acc": 1.0,
    "test_acc": 1.0,
    "cv_mean": 0.95,
    "cv_std": 0.09999999999999999,
    "weight_norm": 0.4280462825829748
  },
  "14": {
    "train_acc": 1.0,
    "test_acc": 1.0,
    "cv_mean": 0.95,
    "cv_std": 0.09999999999999999,
    "weight_norm": 0.4132224066263087
  },
  "15": {
    "train_acc": 1.0,
    "test_acc": 1.0,
    "cv_mean": 0.95,
    "cv_std": 0.09999999999999999,
    "weight_norm": 0.4109743781767442
  },
  "16": {
    "train_acc": 1.0,
    "test_acc": 1.0,
    "cv_mean": 0.95,
    "cv_std": 0.09999999999999999,
    "weight_norm": 0.41077019713671514
  },
  "17": {
    "train_acc": 1.0,
    "test_acc": 1.0,
    "cv_mean": 0.8833333333333334,
    "cv_std": 0.1452966314513558,
    "weight_norm": 0.4129577192973302
  },
  "18": {
    "train_acc": 1.0,
    "test_acc": 1.0,
    "cv_mean": 0.95,
    "cv_std": 0.09999999999999999,
    "weight_norm": 0.377004918452323
  },
  "19": {
    "train_acc": 1.0,
    "test_acc": 1.0,
    "cv_mean": 0.95,
    "cv_std": 0.09999999999999999,
    "weight_norm": 0.3726487465199356
  },
  "20": {
    "train_acc": 1.0,
    "test_acc": 1.0,
    "cv_mean": 0.95,
    "cv_std": 0.09999999999999999,
    "weight_norm": 0.37883256644648844
  },
  "21": {
    "train_acc": 1.0,
    "test_acc": 1.0,
    "cv_mean": 0.95,
    "cv_std": 0.09999999999999999,
    "weight_norm": 0.38084516755108466
  },
  "22": {
    "train_acc": 1.0,
    "test_acc": 1.0,
    "cv_mean": 1.0,
    "cv_std": 0.0,
    "weight_norm": 0.37538741590451397
  },
  "23": {
    "train_acc": 1.0,
    "test_acc": 1.0,
    "cv_mean": 1.0,
    "cv_std": 0.0,
    "weight_norm": 0.3949376516960281
  },
  "24": {
    "train_acc": 1.0,
    "test_acc": 1.0,
    "cv_mean": 0.95,
    "cv_std": 0.09999999999999999,
    "weight_norm": 0.4034689346845856
  },
  "25": {
    "train_acc": 1.0,
    "test_acc": 1.0,
    "cv_mean": 1.0,
    "cv_std": 0.0,
    "weight_norm": 0.4101264714013564
  },
  "26": {
    "train_acc": 1.0,
    "test_acc": 1.0,
    "cv_mean": 0.95,
    "cv_std": 0.09999999999999999,
    "weight_norm": 0.4225692677019083
  },
  "27": {
    "train_acc": 1.0,
    "test_acc": 1.0,
    "cv_mean": 0.8833333333333334,
    "cv_std": 0.1452966314513558,
    "weight_norm": 0.4271024378612353
  },
  "28": {
    "train_acc": 1.0,
    "test_acc": 1.0,
    "cv_mean": 0.8833333333333334,
    "cv_std": 0.1452966314513558,
    "weight_norm": 0.4372789413957615
  },
  "29": {
    "train_acc": 1.0,
    "test_acc": 1.0,
    "cv_mean": 0.8833333333333334,
    "cv_std": 0.1452966314513558,
    "weight_norm": 0.4456441827950942
  },
  "30": {
    "train_acc": 1.0,
    "test_acc": 1.0,
    "cv_mean": 0.8833333333333334,
    "cv_std": 0.1452966314513558,
    "weight_norm": 0.43508764860821864
  },
  "31": {
    "train_acc": 1.0,
    "test_acc": 1.0,
    "cv_mean": 0.8833333333333334,
    "cv_std": 0.1452966314513558,
    "weight_norm": 0.43670214721197176
  },
  "32": {
    "train_acc": 1.0,
    "test_acc": 1.0,
    "cv_mean": 0.8833333333333334,
    "cv_std": 0.1452966314513558,
    "weight_norm": 0.4424358686186409
  },
  "33": {
    "train_acc": 1.0,
    "test_acc": 1.0,
    "cv_mean": 1.0,
    "cv_std": 0.0,
    "weight_norm": 0.43037020882854066
  },
  "34": {
    "train_acc": 1.0,
    "test_acc": 0.75,
    "cv_mean": 0.9333333333333332,
    "cv_std": 0.13333333333333336,
    "weight_norm": 0.4051985477806272
  },
  "35": {
    "train_acc": 1.0,
    "test_acc": 1.0,
    "cv_mean": 1.0,
    "cv_std": 0.0,
    "weight_norm": 0.4103515919302923
  }
}